timestamp,x,y,z,mission_state,risk_level,recommended_action,temperature,gas_ppm,vibration,inclination,battery,obstacle_distance,person_detected,current_objective,decision_status,last_alert
2026-06-11T14:16:25,-2.4772,0.0464,0.45,SIN_ESTADO,Bajo,Avanzar,24.0,21.7,0.15,3.6,98.0,4.58,0,SIN_OBJETIVO,SIN_DECISION,SIN_ALERTAS
2026-06-11T14:16:26,-1.7365,0.163,0.45,EXPLORANDO,Bajo,Avanzar,22.6,25.4,0.27,2.9,97.9,4.6,0,"Zona de escombros inicial | target=(1.50, 0.80) | robot=(-1.88, 0.13)",Decision | state=EXPLORANDO | objective=Zona de escombros inicial | risk=Bajo | accion_ia=Avanzar | gas=25.4ppm | temp=22.6C | vib=0.27 | inc=2.9deg | bateria=97.9% | obstaculo=4.60m | persona=0 | decision=Riesgo bajo. Continuar exploración hacia waypoint.,"ALERTA BASE #2 | estado=EXPLORANDO | x=-1.88, y=0.13 | Waypoint alcanzado. Nuevo objetivo: Zona de escombros inicial"
2026-06-11T14:16:27,-1.0279,0.4033,0.45,EXPLORANDO,Bajo,Avanzar,25.3,33.8,0.12,5.5,97.7,4.58,0,"Zona de escombros inicial | target=(1.50, 0.80) | robot=(-1.88, 0.13)",Decision | state=EXPLORANDO | objective=Zona de escombros inicial | risk=Bajo | accion_ia=Avanzar | gas=25.4ppm | temp=22.6C | vib=0.27 | inc=2.9deg | bateria=97.9% | obstaculo=4.60m | persona=0 | decision=Riesgo bajo. Continuar exploración hacia waypoint.,"ALERTA BASE #2 | estado=EXPLORANDO | x=-1.88, y=0.13 | Waypoint alcanzado. Nuevo objetivo: Zona de escombros inicial"
2026-06-11T14:16:28,-0.3909,0.7836,0.45,EXPLORANDO,Bajo,Avanzar,23.9,33.8,0.21,3.7,97.6,4.47,0,"Zona de escombros inicial | target=(1.50, 0.80) | robot=(-0.45, 0.74)",Decision | state=EXPLORANDO | objective=Zona de escombros inicial | risk=Bajo | accion_ia=Avanzar | gas=33.8ppm | temp=23.9C | vib=0.21 | inc=3.7deg | bateria=97.6% | obstaculo=4.47m | persona=0 | decision=Riesgo bajo. Continuar exploración hacia waypoint.,"ALERTA BASE #2 | estado=EXPLORANDO | x=-1.88, y=0.13 | Waypoint alcanzado. Nuevo objetivo: Zona de escombros inicial"
2026-06-11T14:16:29,0.1574,1.1887,0.45,EXPLORANDO,Bajo,Avanzar,23.8,50.1,0.39,6.8,97.4,4.22,0,"Zona de escombros inicial | target=(1.50, 0.80) | robot=(-0.45, 0.74)",Decision | state=EXPLORANDO | objective=Zona de escombros inicial | risk=Bajo | accion_ia=Avanzar | gas=33.8ppm | temp=23.9C | vib=0.21 | inc=3.7deg | bateria=97.6% | obstaculo=4.47m | persona=0 | decision=Riesgo bajo. Continuar exploración hacia waypoint.,"ALERTA BASE #2 | estado=EXPLORANDO | x=-1.88, y=0.13 | Waypoint alcanzado. Nuevo objetivo: Zona de escombros inicial"
2026-06-11T14:16:30,0.6732,1.5911,0.45,EXPLORANDO,Bajo,Avanzar,26.9,82.6,0.62,11.8,97.3,4.07,0,"Zona de escombros inicial | target=(1.50, 0.80) | robot=(0.59, 1.53)",Decision | state=EXPLORANDO | objective=Zona de escombros inicial | risk=Bajo | accion_ia=Avanzar | gas=82.6ppm | temp=26.9C | vib=0.62 | inc=11.8deg | bateria=97.3% | obstaculo=4.07m | persona=0 | decision=Riesgo bajo. Continuar exploración hacia waypoint.,"ALERTA BASE #2 | estado=EXPLORANDO | x=-1.88, y=0.13 | Waypoint alcanzado. Nuevo objetivo: Zona de escombros inicial"
2026-06-11T14:16:31,1.0644,1.6702,0.45,EXPLORANDO,Bajo,Avanzar,26.8,114.1,0.73,12.4,97.1,3.74,0,"Zona de escombros inicial | target=(1.50, 0.80) | robot=(0.59, 1.53)",Decision | state=EXPLORANDO | objective=Zona de escombros inicial | risk=Bajo | accion_ia=Avanzar | gas=82.6ppm | temp=26.9C | vib=0.62 | inc=11.8deg | bateria=97.3% | obstaculo=4.07m | persona=0 | decision=Riesgo bajo. Continuar exploración hacia waypoint.,"ALERTA BASE #2 | estado=EXPLORANDO | x=-1.88, y=0.13 | Waypoint alcanzado. Nuevo objetivo: Zona de escombros inicial"
2026-06-11T14:16:32,1.4258,1.4498,0.45,EXPLORANDO,Bajo,Avanzar,27.4,123.3,0.76,16.0,97.0,3.27,0,"Cruce inestable | target=(3.20, 1.40) | robot=(1.35, 1.53)",Decision | state=EXPLORANDO | objective=Cruce inestable | risk=Bajo | accion_ia=Avanzar | gas=123.3ppm | temp=27.4C | vib=0.76 | inc=16.0deg | bateria=97.0% | obstaculo=3.27m | persona=0 | decision=Riesgo bajo. Continuar exploración hacia waypoint.,"ALERTA BASE #3 | estado=EXPLORANDO | x=1.35, y=1.53 | Waypoint alcanzado. Nuevo objetivo: Cruce inestable"
2026-06-11T14:16:33,1.857,0.9636,0.45,EXPLORANDO,Medio,Avanzar con precaucion,29.7,131.9,0.96,16.2,96.8,2.84,0,"Cruce inestable | target=(3.20, 1.40) | robot=(1.35, 1.53)",Decision | state=EXPLORANDO | objective=Cruce inestable | risk=Bajo | accion_ia=Avanzar | gas=123.3ppm | temp=27.4C | vib=0.76 | inc=16.0deg | bateria=97.0% | obstaculo=3.27m | persona=0 | decision=Riesgo bajo. Continuar exploración hacia waypoint.,"ALERTA BASE #3 | estado=EXPLORANDO | x=1.35, y=1.53 | Waypoint alcanzado. Nuevo objetivo: Cruce inestable"
2026-06-11T14:16:34,2.2336,0.4758,0.45,EXPLORANDO_CON_PRECAUCION,Medio,Avanzar con precaucion,29.1,150.1,0.87,14.1,96.7,2.74,0,"Cruce inestable | target=(3.20, 1.40) | robot=(2.21, 0.50)",Decision | state=EXPLORANDO_CON_PRECAUCION | objective=Cruce inestable | risk=Medio | accion_ia=Avanzar con precaucion | gas=150.1ppm | temp=29.1C | vib=0.87 | inc=14.1deg | bateria=96.7% | obstaculo=2.74m | persona=0 | decision=Riesgo medio. Avanzar lentamente hacia objetivo.,"ALERTA BASE #3 | estado=EXPLORANDO | x=1.35, y=1.53 | Waypoint alcanzado. Nuevo objetivo: Cruce inestable"
2026-06-11T14:16:35,2.5448,0.3374,0.45,EXPLORANDO_CON_PRECAUCION,Medio,Avanzar con precaucion,28.0,170.6,1.03,15.6,96.5,2.62,0,"Cruce inestable | target=(3.20, 1.40) | robot=(2.21, 0.50)",Decision | state=EXPLORANDO_CON_PRECAUCION | objective=Cruce inestable | risk=Medio | accion_ia=Avanzar con precaucion | gas=150.1ppm | temp=29.1C | vib=0.87 | inc=14.1deg | bateria=96.7% | obstaculo=2.74m | persona=0 | decision=Riesgo medio. Avanzar lentamente hacia objetivo.,"ALERTA BASE #3 | estado=EXPLORANDO | x=1.35, y=1.53 | Waypoint alcanzado. Nuevo objetivo: Cruce inestable"
2026-06-11T14:16:36,2.8399,0.449,0.45,EXPLORANDO_CON_PRECAUCION,Medio,Avanzar con precaucion,30.2,182.8,1.09,17.0,96.4,2.21,0,"Cruce inestable | target=(3.20, 1.40) | robot=(2.81, 0.42)",Decision | state=EXPLORANDO_CON_PRECAUCION | objective=Cruce inestable | risk=Medio | accion_ia=Avanzar con precaucion | gas=182.8ppm | temp=30.2C | vib=1.09 | inc=17.0deg | bateria=96.4% | obstaculo=2.21m | persona=0 | decision=Riesgo medio. Avanzar lentamente hacia objetivo.,"ALERTA BASE #3 | estado=EXPLORANDO | x=1.35, y=1.53 | Waypoint alcanzado. Nuevo objetivo: Cruce inestable"
2026-06-11T14:16:37,2.8636,0.5226,0.45,EXPLORANDO_CON_PRECAUCION,Medio,Avanzar con precaucion,28.3,193.2,1.05,18.3,96.2,2.18,0,"Cruce inestable | target=(3.20, 1.40) | robot=(2.81, 0.42)",Decision | state=EXPLORANDO_CON_PRECAUCION | objective=Cruce inestable | risk=Medio | accion_ia=Avanzar con precaucion | gas=182.8ppm | temp=30.2C | vib=1.09 | inc=17.0deg | bateria=96.4% | obstaculo=2.21m | persona=0 | decision=Riesgo medio. Avanzar lentamente hacia objetivo.,"ALERTA BASE #3 | estado=EXPLORANDO | x=1.35, y=1.53 | Waypoint alcanzado. Nuevo objetivo: Cruce inestable"
2026-06-11T14:16:38,2.8206,0.5869,0.45,EXPLORANDO_CON_PRECAUCION,Medio,Avanzar con precaucion,28.5,195.1,1.14,16.7,96.1,2.21,0,"Cruce inestable | target=(3.20, 1.40) | robot=(2.83, 0.58)",Decision | state=EXPLORANDO_CON_PRECAUCION | objective=Cruce inestable | risk=Medio | accion_ia=Avanzar con precaucion | gas=195.1ppm | temp=28.5C | vib=1.14 | inc=16.7deg | bateria=96.1% | obstaculo=2.21m | persona=0 | decision=Riesgo medio. Avanzar lentamente hacia objetivo.,"ALERTA BASE #3 | estado=EXPLORANDO | x=1.35, y=1.53 | Waypoint alcanzado. Nuevo objetivo: Cruce inestable"
2026-06-11T14:16:39,2.7435,0.5932,0.45,EXPLORANDO_CON_PRECAUCION,Medio,Avanzar con precaucion,30.3,188.8,1.16,16.7,95.9,2.29,0,"Cruce inestable | target=(3.20, 1.40) | robot=(2.83, 0.58)",Decision | state=EXPLORANDO_CON_PRECAUCION | objective=Cruce inestable | risk=Medio | accion_ia=Avanzar con precaucion | gas=195.1ppm | temp=28.5C | vib=1.14 | inc=16.7deg | bateria=96.1% | obstaculo=2.21m | persona=0 | decision=Riesgo medio. Avanzar lentamente hacia objetivo.,"ALERTA BASE #3 | estado=EXPLORANDO | x=1.35, y=1.53 | Waypoint alcanzado. Nuevo objetivo: Cruce inestable"
2026-06-11T14:16:40,2.6906,0.5367,0.45,EXPLORANDO_CON_PRECAUCION,Medio,Avanzar con precaucion,28.3,188.3,1.0,15.7,95.8,2.33,0,"Cruce inestable | target=(3.20, 1.40) | robot=(2.70, 0.55)",Decision | state=EXPLORANDO_CON_PRECAUCION | objective=Cruce inestable | risk=Medio | accion_ia=Avanzar con precaucion | gas=188.3ppm | temp=28.3C | vib=1.00 | inc=15.7deg | bateria=95.8% | obstaculo=2.33m | persona=0 | decision=Riesgo medio. Avanzar lentamente hacia objetivo.,"ALERTA BASE #3 | estado=EXPLORANDO | x=1.35, y=1.53 | Waypoint alcanzado. Nuevo objetivo: Cruce inestable"
2026-06-11T14:16:41,2.702,0.4602,0.45,EXPLORANDO_CON_PRECAUCION,Medio,Avanzar con precaucion,28.3,180.7,1.13,16.3,95.6,2.25,0,"Cruce inestable | target=(3.20, 1.40) | robot=(2.70, 0.55)",Decision | state=EXPLORANDO_CON_PRECAUCION | objective=Cruce inestable | risk=Medio | accion_ia=Avanzar con precaucion | gas=188.3ppm | temp=28.3C | vib=1.00 | inc=15.7deg | bateria=95.8% | obstaculo=2.33m | persona=0 | decision=Riesgo medio. Avanzar lentamente hacia objetivo.,"ALERTA BASE #3 | estado=EXPLORANDO | x=1.35, y=1.53 | Waypoint alcanzado. Nuevo objetivo: Cruce inestable"
2026-06-11T14:16:42,2.769,0.4216,0.45,EXPLORANDO_CON_PRECAUCION,Medio,Avanzar con precaucion,28.3,179.6,1.0,16.1,95.5,2.36,0,"Cruce inestable | target=(3.20, 1.40) | robot=(2.75, 0.42)",Decision | state=EXPLORANDO_CON_PRECAUCION | objective=Cruce inestable | risk=Medio | accion_ia=Avanzar con precaucion | gas=179.6ppm | temp=28.3C | vib=1.00 | inc=16.1deg | bateria=95.5% | obstaculo=2.36m | persona=0 | decision=Riesgo medio. Avanzar lentamente hacia objetivo.,"ALERTA BASE #3 | estado=EXPLORANDO | x=1.35, y=1.53 | Waypoint alcanzado. Nuevo objetivo: Cruce inestable"
2026-06-11T14:16:43,2.841,0.4501,0.45,EXPLORANDO_CON_PRECAUCION,Medio,Avanzar con precaucion,30.5,183.3,1.14,18.6,95.3,2.35,0,"Cruce inestable | target=(3.20, 1.40) | robot=(2.75, 0.42)",Decision | state=EXPLORANDO_CON_PRECAUCION | objective=Cruce inestable | risk=Medio | accion_ia=Avanzar con precaucion | gas=179.6ppm | temp=28.3C | vib=1.00 | inc=16.1deg | bateria=95.5% | obstaculo=2.36m | persona=0 | decision=Riesgo medio. Avanzar lentamente hacia objetivo.,"ALERTA BASE #3 | estado=EXPLORANDO | x=1.35, y=1.53 | Waypoint alcanzado. Nuevo objetivo: Cruce inestable"
2026-06-11T14:16:44,2.8633,0.5241,0.45,EXPLORANDO_CON_PRECAUCION,Medio,Avanzar con precaucion,28.8,187.3,1.1,16.4,95.2,2.08,0,"Cruce inestable | target=(3.20, 1.40) | robot=(2.86, 0.51)",Decision | state=EXPLORANDO_CON_PRECAUCION | objective=Cruce inestable | risk=Medio | accion_ia=Avanzar con precaucion | gas=187.3ppm | temp=28.8C | vib=1.10 | inc=16.4deg | bateria=95.2% | obstaculo=2.08m | persona=0 | decision=Riesgo medio. Avanzar lentamente hacia objetivo.,"ALERTA BASE #3 | estado=EXPLORANDO | x=1.35, y=1.53 | Waypoint alcanzado. Nuevo objetivo: Cruce inestable"
2026-06-11T14:16:45,2.8193,0.5877,0.45,EXPLORANDO_CON_PRECAUCION,Medio,Avanzar con precaucion,28.3,181.9,1.1,19.4,95.0,2.18,0,"Cruce inestable | target=(3.20, 1.40) | robot=(2.86, 0.51)",Decision | state=EXPLORANDO_CON_PRECAUCION | objective=Cruce inestable | risk=Medio | accion_ia=Avanzar con precaucion | gas=187.3ppm | temp=28.8C | vib=1.10 | inc=16.4deg | bateria=95.2% | obstaculo=2.08m | persona=0 | decision=Riesgo medio. Avanzar lentamente hacia objetivo.,"ALERTA BASE #3 | estado=EXPLORANDO | x=1.35, y=1.53 | Waypoint alcanzado. Nuevo objetivo: Cruce inestable"
2026-06-11T14:16:46,2.7421,0.5927,0.45,EXPLORANDO_CON_PRECAUCION,Medio,Avanzar con precaucion,29.7,178.9,1.11,18.9,94.9,2.09,0,"Cruce inestable | target=(3.20, 1.40) | robot=(2.76, 0.60)",Decision | state=EXPLORANDO_CON_PRECAUCION | objective=Cruce inestable | risk=Medio | accion_ia=Avanzar con precaucion | gas=178.9ppm | temp=29.7C | vib=1.11 | inc=18.9deg | bateria=94.9% | obstaculo=2.09m | persona=0 | decision=Riesgo medio. Avanzar lentamente hacia objetivo.,"ALERTA BASE #3 | estado=EXPLORANDO | x=1.35, y=1.53 | Waypoint alcanzado. Nuevo objetivo: Cruce inestable"
2026-06-11T14:16:47,2.6902,0.5353,0.45,EXPLORANDO_CON_PRECAUCION,Medio,Avanzar con precaucion,30.5,189.0,1.04,18.9,94.7,2.47,0,"Cruce inestable | target=(3.20, 1.40) | robot=(2.76, 0.60)",Decision | state=EXPLORANDO_CON_PRECAUCION | objective=Cruce inestable | risk=Medio | accion_ia=Avanzar con precaucion | gas=178.9ppm | temp=29.7C | vib=1.11 | inc=18.9deg | bateria=94.9% | obstaculo=2.09m | persona=0 | decision=Riesgo medio. Avanzar lentamente hacia objetivo.,"ALERTA BASE #3 | estado=EXPLORANDO | x=1.35, y=1.53 | Waypoint alcanzado. Nuevo objetivo: Cruce inestable"
2026-06-11T14:16:48,2.7029,0.459,0.45,EXPLORANDO_CON_PRECAUCION,Medio,Avanzar con precaucion,29.7,178.2,0.98,17.9,94.6,2.26,0,"Cruce inestable | target=(3.20, 1.40) | robot=(2.69, 0.47)",Decision | state=EXPLORANDO_CON_PRECAUCION | objective=Cruce inestable | risk=Medio | accion_ia=Avanzar con precaucion | gas=178.2ppm | temp=29.7C | vib=0.98 | inc=17.9deg | bateria=94.6% | obstaculo=2.26m | persona=0 | decision=Riesgo medio. Avanzar lentamente hacia objetivo.,"ALERTA BASE #3 | estado=EXPLORANDO | x=1.35, y=1.53 | Waypoint alcanzado. Nuevo objetivo: Cruce inestable"
2026-06-11T14:16:49,2.7705,0.4215,0.45,EXPLORANDO_CON_PRECAUCION,Medio,Avanzar con precaucion,29.7,174.6,1.08,15.5,94.4,2.34,0,"Cruce inestable | target=(3.20, 1.40) | robot=(2.69, 0.47)",Decision | state=EXPLORANDO_CON_PRECAUCION | objective=Cruce inestable | risk=Medio | accion_ia=Avanzar con precaucion | gas=178.2ppm | temp=29.7C | vib=0.98 | inc=17.9deg | bateria=94.6% | obstaculo=2.26m | persona=0 | decision=Riesgo medio. Avanzar lentamente hacia objetivo.,"ALERTA BASE #3 | estado=EXPLORANDO | x=1.35, y=1.53 | Waypoint alcanzado. Nuevo objetivo: Cruce inestable"
2026-06-11T14:16:50,2.842,0.4512,0.45,EXPLORANDO_CON_PRECAUCION,Medio,Avanzar con precaucion,30.2,180.8,1.13,19.3,94.3,2.15,0,"Cruce inestable | target=(3.20, 1.40) | robot=(2.83, 0.44)",Decision | state=EXPLORANDO_CON_PRECAUCION | objective=Cruce inestable | risk=Medio | accion_ia=Avanzar con precaucion | gas=180.8ppm | temp=30.2C | vib=1.13 | inc=19.3deg | bateria=94.3% | obstaculo=2.15m | persona=0 | decision=Riesgo medio. Avanzar lentamente hacia objetivo.,"ALERTA BASE #3 | estado=EXPLORANDO | x=1.35, y=1.53 | Waypoint alcanzado. Nuevo objetivo: Cruce inestable"
2026-06-11T14:16:51,2.8631,0.5256,0.45,EXPLORANDO_CON_PRECAUCION,Medio,Avanzar con precaucion,30.4,181.2,1.04,17.9,94.1,2.09,0,"Cruce inestable | target=(3.20, 1.40) | robot=(2.83, 0.44)",Decision | state=EXPLORANDO_CON_PRECAUCION | objective=Cruce inestable | risk=Medio | accion_ia=Avanzar con precaucion | gas=180.8ppm | temp=30.2C | vib=1.13 | inc=19.3deg | bateria=94.3% | obstaculo=2.15m | persona=0 | decision=Riesgo medio. Avanzar lentamente hacia objetivo.,"ALERTA BASE #3 | estado=EXPLORANDO | x=1.35, y=1.53 | Waypoint alcanzado. Nuevo objetivo: Cruce inestable"
2026-06-11T14:16:52,2.7952,0.6029,0.45,EXPLORANDO_CON_PRECAUCION,Medio,Avanzar con precaucion,28.8,182.0,1.06,19.8,94.0,2.2,0,"Borde de zona crítica | target=(4.70, 2.00) | robot=(2.83, 0.58)",Decision | state=EXPLORANDO_CON_PRECAUCION | objective=Borde de zona crítica | risk=Medio | accion_ia=Avanzar con precaucion | gas=182.0ppm | temp=28.8C | vib=1.06 | inc=19.8deg | bateria=94.0% | obstaculo=2.20m | persona=0 | decision=Riesgo medio. Avanzar lentamente hacia objetivo.,"ALERTA BASE #4 | estado=EXPLORANDO_CON_PRECAUCION | x=2.83, y=0.58 | Waypoint alcanzado. Nuevo objetivo: Borde de zona crítica"
2026-06-11T14:16:53,2.4572,0.6601,0.45,EXPLORANDO_CON_PRECAUCION,Medio,Avanzar con precaucion,31.0,175.5,1.08,17.9,93.8,2.35,0,"Borde de zona crítica | target=(4.70, 2.00) | robot=(2.83, 0.58)",Decision | state=EXPLORANDO_CON_PRECAUCION | objective=Borde de zona crítica | risk=Medio | accion_ia=Avanzar con precaucion | gas=182.0ppm | temp=28.8C | vib=1.06 | inc=19.8deg | bateria=94.0% | obstaculo=2.20m | persona=0 | decision=Riesgo medio. Avanzar lentamente hacia objetivo.,"ALERTA BASE #4 | estado=EXPLORANDO_CON_PRECAUCION | x=2.83, y=0.58 | Waypoint alcanzado. Nuevo objetivo: Borde de zona crítica"
2026-06-11T14:16:54,2.1643,0.4821,0.45,EXPLORANDO_CON_PRECAUCION,Medio,Avanzar con precaucion,29.5,165.4,0.9,17.8,93.7,2.62,0,"Borde de zona crítica | target=(4.70, 2.00) | robot=(2.21, 0.53)",Decision | state=EXPLORANDO_CON_PRECAUCION | objective=Borde de zona crítica | risk=Medio | accion_ia=Avanzar con precaucion | gas=165.4ppm | temp=29.5C | vib=0.90 | inc=17.8deg | bateria=93.7% | obstaculo=2.62m | persona=0 | decision=Riesgo medio. Avanzar lentamente hacia objetivo.,"ALERTA BASE #4 | estado=EXPLORANDO_CON_PRECAUCION | x=2.83, y=0.58 | Waypoint alcanzado. Nuevo objetivo: Borde de zona crítica"
2026-06-11T14:16:55,2.0323,0.1637,0.45,EXPLORANDO_CON_PRECAUCION,Medio,Avanzar con precaucion,27.6,157.2,0.92,14.4,93.5,2.75,0,"Borde de zona crítica | target=(4.70, 2.00) | robot=(2.21, 0.53)",Decision | state=EXPLORANDO_CON_PRECAUCION | objective=Borde de zona crítica | risk=Medio | accion_ia=Avanzar con precaucion | gas=165.4ppm | temp=29.5C | vib=0.90 | inc=17.8deg | bateria=93.7% | obstaculo=2.62m | persona=0 | decision=Riesgo medio. Avanzar lentamente hacia objetivo.,"ALERTA BASE #4 | estado=EXPLORANDO_CON_PRECAUCION | x=2.83, y=0.58 | Waypoint alcanzado. Nuevo objetivo: Borde de zona crítica"
2026-06-11T14:16:56,2.0991,-0.1751,0.45,EXPLORANDO_CON_PRECAUCION,Medio,Avanzar con precaucion,27.0,138.2,0.83,14.7,93.4,2.76,0,"Borde de zona crítica | target=(4.70, 2.00) | robot=(2.07, -0.11)",Decision | state=EXPLORANDO_CON_PRECAUCION | objective=Borde de zona crítica | risk=Medio | accion_ia=Avanzar con precaucion | gas=138.2ppm | temp=27.0C | vib=0.83 | inc=14.7deg | bateria=93.4% | obstaculo=2.76m | persona=0 | decision=Riesgo medio. Avanzar lentamente hacia objetivo.,"ALERTA BASE #4 | estado=EXPLORANDO_CON_PRECAUCION | x=2.83, y=0.58 | Waypoint alcanzado. Nuevo objetivo: Borde de zona crítica"
2026-06-11T14:16:57,2.3632,-0.3926,0.45,EXPLORANDO_CON_PRECAUCION,Medio,Avanzar con precaucion,27.8,160.8,0.8,14.3,93.2,2.59,0,"Borde de zona crítica | target=(4.70, 2.00) | robot=(2.07, -0.11)",Decision | state=EXPLORANDO_CON_PRECAUCION | objective=Borde de zona crítica | risk=Medio | accion_ia=Avanzar con precaucion | gas=138.2ppm | temp=27.0C | vib=0.83 | inc=14.7deg | bateria=93.4% | obstaculo=2.76m | persona=0 | decision=Riesgo medio. Avanzar lentamente hacia objetivo.,"ALERTA BASE #4 | estado=EXPLORANDO_CON_PRECAUCION | x=2.83, y=0.58 | Waypoint alcanzado. Nuevo objetivo: Borde de zona crítica"
2026-06-11T14:16:58,2.7045,-0.3732,0.45,EXPLORANDO_CON_PRECAUCION,Medio,Avanzar con precaucion,27.0,164.1,0.85,14.7,93.1,2.42,0,"Borde de zona crítica | target=(4.70, 2.00) | robot=(2.64, -0.40)",Decision | state=EXPLORANDO_CON_PRECAUCION | objective=Borde de zona crítica | risk=Medio | accion_ia=Avanzar con precaucion | gas=164.1ppm | temp=27.0C | vib=0.85 | inc=14.7deg | bateria=93.1% | obstaculo=2.42m | persona=0 | decision=Riesgo medio. Avanzar lentamente hacia objetivo.,"ALERTA BASE #4 | estado=EXPLORANDO_CON_PRECAUCION | x=2.83, y=0.58 | Waypoint alcanzado. Nuevo objetivo: Borde de zona crítica"
2026-06-11T14:16:59,2.9146,-0.108,0.45,EXPLORANDO_CON_PRECAUCION,Medio,Avanzar con precaucion,28.0,184.1,0.91,16.0,92.9,2.25,0,"Borde de zona crítica | target=(4.70, 2.00) | robot=(2.64, -0.40)",Decision | state=EXPLORANDO_CON_PRECAUCION | objective=Borde de zona crítica | risk=Medio | accion_ia=Avanzar con precaucion | gas=164.1ppm | temp=27.0C | vib=0.85 | inc=14.7deg | bateria=93.1% | obstaculo=2.42m | persona=0 | decision=Riesgo medio. Avanzar lentamente hacia objetivo.,"ALERTA BASE #4 | estado=EXPLORANDO_CON_PRECAUCION | x=2.83, y=0.58 | Waypoint alcanzado. Nuevo objetivo: Borde de zona crítica"
2026-06-11T14:17:00,2.8376,0.2216,0.45,EXPLORANDO_CON_PRECAUCION,Medio,Avanzar con precaucion,27.7,186.0,1.06,16.8,92.8,2.34,0,"Borde de zona crítica | target=(4.70, 2.00) | robot=(2.88, 0.16)",Decision | state=EXPLORANDO_CON_PRECAUCION | objective=Borde de zona crítica | risk=Medio | accion_ia=Avanzar con precaucion | gas=186.0ppm | temp=27.7C | vib=1.06 | inc=16.8deg | bateria=92.8% | obstaculo=2.34m | persona=0 | decision=Riesgo medio. Avanzar lentamente hacia objetivo.,"ALERTA BASE #4 | estado=EXPLORANDO_CON_PRECAUCION | x=2.83, y=0.58 | Waypoint alcanzado. Nuevo objetivo: Borde de zona crítica"
2026-06-11T14:17:01,2.5339,0.3728,0.45,EXPLORANDO_CON_PRECAUCION,Medio,Avanzar con precaucion,28.4,169.1,1.01,17.7,92.6,2.24,0,"Borde de zona crítica | target=(4.70, 2.00) | robot=(2.88, 0.16)",Decision | state=EXPLORANDO_CON_PRECAUCION | objective=Borde de zona crítica | risk=Medio | accion_ia=Avanzar con precaucion | gas=186.0ppm | temp=27.7C | vib=1.06 | inc=16.8deg | bateria=92.8% | obstaculo=2.34m | persona=0 | decision=Riesgo medio. Avanzar lentamente hacia objetivo.,"ALERTA BASE #4 | estado=EXPLORANDO_CON_PRECAUCION | x=2.83, y=0.58 | Waypoint alcanzado. Nuevo objetivo: Borde de zona crítica"
2026-06-11T14:17:02,2.2219,0.2394,0.45,EXPLORANDO_CON_PRECAUCION,Medio,Avanzar con precaucion,29.9,157.4,0.93,15.9,92.5,2.4,0,"Borde de zona crítica | target=(4.70, 2.00) | robot=(2.27, 0.29)",Decision | state=EXPLORANDO_CON_PRECAUCION | objective=Borde de zona crítica | risk=Medio | accion_ia=Avanzar con precaucion | gas=157.4ppm | temp=29.9C | vib=0.93 | inc=15.9deg | bateria=92.5% | obstaculo=2.40m | persona=0 | decision=Riesgo medio. Avanzar lentamente hacia objetivo.,"ALERTA BASE #4 | estado=EXPLORANDO_CON_PRECAUCION | x=2.83, y=0.58 | Waypoint alcanzado. Nuevo objetivo: Borde de zona crítica"
2026-06-11T14:17:03,2.0813,-0.0742,0.45,EXPLORANDO_CON_PRECAUCION,Medio,Avanzar con precaucion,29.4,154.9,0.73,12.2,92.3,2.77,0,"Borde de zona crítica | target=(4.70, 2.00) | robot=(2.27, 0.29)",Decision | state=EXPLORANDO_CON_PRECAUCION | objective=Borde de zona crítica | risk=Medio | accion_ia=Avanzar con precaucion | gas=157.4ppm | temp=29.9C | vib=0.93 | inc=15.9deg | bateria=92.5% | obstaculo=2.40m | persona=0 | decision=Riesgo medio. Avanzar lentamente hacia objetivo.,"ALERTA BASE #4 | estado=EXPLORANDO_CON_PRECAUCION | x=2.83, y=0.58 | Waypoint alcanzado. Nuevo objetivo: Borde de zona crítica"
2026-06-11T14:17:04,2.1682,-0.4061,0.45,EXPLORANDO_CON_PRECAUCION,Medio,Avanzar con precaucion,27.2,154.4,0.69,12.3,92.2,2.57,0,"Borde de zona crítica | target=(4.70, 2.00) | robot=(2.13, -0.35)",Decision | state=EXPLORANDO_CON_PRECAUCION | objective=Borde de zona crítica | risk=Medio | accion_ia=Avanzar con precaucion | gas=154.4ppm | temp=27.2C | vib=0.69 | inc=12.3deg | bateria=92.2% | obstaculo=2.57m | persona=0 | decision=Riesgo medio. Avanzar lentamente hacia objetivo.,"ALERTA BASE #4 | estado=EXPLORANDO_CON_PRECAUCION | x=2.83, y=0.58 | Waypoint alcanzado. Nuevo objetivo: Borde de zona crítica"
2026-06-11T14:17:05,2.4584,-0.5841,0.45,EXPLORANDO_CON_PRECAUCION,Medio,Avanzar con precaucion,27.1,155.4,0.71,14.4,92.0,2.47,0,"Borde de zona crítica | target=(4.70, 2.00) | robot=(2.13, -0.35)",Decision | state=EXPLORANDO_CON_PRECAUCION | objective=Borde de zona crítica | risk=Medio | accion_ia=Avanzar con precaucion | gas=154.4ppm | temp=27.2C | vib=0.69 | inc=12.3deg | bateria=92.2% | obstaculo=2.57m | persona=0 | decision=Riesgo medio. Avanzar lentamente hacia objetivo.,"ALERTA BASE #4 | estado=EXPLORANDO_CON_PRECAUCION | x=2.83, y=0.58 | Waypoint alcanzado. Nuevo objetivo: Borde de zona crítica"
2026-06-11T14:17:06,2.7869,-0.4949,0.45,EXPLORANDO_CON_PRECAUCION,Medio,Avanzar con precaucion,27.9,172.7,0.75,14.7,91.9,2.3,0,"Borde de zona crítica | target=(4.70, 2.00) | robot=(2.73, -0.53)",Decision | state=EXPLORANDO_CON_PRECAUCION | objective=Borde de zona crítica | risk=Medio | accion_ia=Avanzar con precaucion | gas=172.7ppm | temp=27.9C | vib=0.75 | inc=14.7deg | bateria=91.9% | obstaculo=2.30m | persona=0 | decision=Riesgo medio. Avanzar lentamente hacia objetivo.,"ALERTA BASE #4 | estado=EXPLORANDO_CON_PRECAUCION | x=2.83, y=0.58 | Waypoint alcanzado. Nuevo objetivo: Borde de zona crítica"
2026-06-11T14:17:07,2.93,-0.1883,0.45,EXPLORANDO_CON_PRECAUCION,Medio,Avanzar con precaucion,27.2,173.4,0.92,16.5,91.7,2.4,0,"Borde de zona crítica | target=(4.70, 2.00) | robot=(2.73, -0.53)",Decision | state=EXPLORANDO_CON_PRECAUCION | objective=Borde de zona crítica | risk=Medio | accion_ia=Avanzar con precaucion | gas=172.7ppm | temp=27.9C | vib=0.75 | inc=14.7deg | bateria=91.9% | obstaculo=2.30m | persona=0 | decision=Riesgo medio. Avanzar lentamente hacia objetivo.,"ALERTA BASE #4 | estado=EXPLORANDO_CON_PRECAUCION | x=2.83, y=0.58 | Waypoint alcanzado. Nuevo objetivo: Borde de zona crítica"
2026-06-11T14:17:08,2.7787,0.1145,0.45,EXPLORANDO_CON_PRECAUCION,Medio,Avanzar con precaucion,29.0,189.8,0.95,17.0,91.6,2.22,0,"Borde de zona crítica | target=(4.70, 2.00) | robot=(2.83, 0.07)",Decision | state=EXPLORANDO_CON_PRECAUCION | objective=Borde de zona crítica | risk=Medio | accion_ia=Avanzar con precaucion | gas=189.8ppm | temp=29.0C | vib=0.95 | inc=17.0deg | bateria=91.6% | obstaculo=2.22m | persona=0 | decision=Riesgo medio. Avanzar lentamente hacia objetivo.,"ALERTA BASE #4 | estado=EXPLORANDO_CON_PRECAUCION | x=2.83, y=0.58 | Waypoint alcanzado. Nuevo objetivo: Borde de zona crítica"
2026-06-11T14:17:09,2.448,0.1881,0.45,EXPLORANDO_CON_PRECAUCION,Medio,Avanzar con precaucion,27.6,180.5,1.02,14.6,91.4,2.51,0,"Borde de zona crítica | target=(4.70, 2.00) | robot=(2.83, 0.07)",Decision | state=EXPLORANDO_CON_PRECAUCION | objective=Borde de zona crítica | risk=Medio | accion_ia=Avanzar con precaucion | gas=189.8ppm | temp=29.0C | vib=0.95 | inc=17.0deg | bateria=91.6% | obstaculo=2.22m | persona=0 | decision=Riesgo medio. Avanzar lentamente hacia objetivo.,"ALERTA BASE #4 | estado=EXPLORANDO_CON_PRECAUCION | x=2.83, y=0.58 | Waypoint alcanzado. Nuevo objetivo: Borde de zona crítica"
2026-06-11T14:17:10,2.1805,-0.0202,0.45,EXPLORANDO_CON_PRECAUCION,Medio,Avanzar con precaucion,27.4,167.6,0.92,14.5,91.3,2.61,0,"Borde de zona crítica | target=(4.70, 2.00) | robot=(2.22, 0.04)",Decision | state=EXPLORANDO_CON_PRECAUCION | objective=Borde de zona crítica | risk=Medio | accion_ia=Avanzar con precaucion | gas=167.6ppm | temp=27.4C | vib=0.92 | inc=14.5deg | bateria=91.3% | obstaculo=2.61m | persona=0 | decision=Riesgo medio. Avanzar lentamente hacia objetivo.,"ALERTA BASE #4 | estado=EXPLORANDO_CON_PRECAUCION | x=2.83, y=0.58 | Waypoint alcanzado. Nuevo objetivo: Borde de zona crítica"
2026-06-11T14:17:11,2.1393,-0.3601,0.45,EXPLORANDO_CON_PRECAUCION,Medio,Avanzar con precaucion,27.3,147.9,0.74,14.3,91.1,2.72,0,"Borde de zona crítica | target=(4.70, 2.00) | robot=(2.22, 0.04)",Decision | state=EXPLORANDO_CON_PRECAUCION | objective=Borde de zona crítica | risk=Medio | accion_ia=Avanzar con precaucion | gas=167.6ppm | temp=27.4C | vib=0.92 | inc=14.5deg | bateria=91.3% | obstaculo=2.61m | persona=0 | decision=Riesgo medio. Avanzar lentamente hacia objetivo.,"ALERTA BASE #4 | estado=EXPLORANDO_CON_PRECAUCION | x=2.83, y=0.58 | Waypoint alcanzado. Nuevo objetivo: Borde de zona crítica"
2026-06-11T14:17:12,2.337,-0.6391,0.45,EXPLORANDO_CON_PRECAUCION,Medio,Avanzar con precaucion,26.1,161.2,0.62,10.6,91.0,2.79,0,"Borde de zona crítica | target=(4.70, 2.00) | robot=(2.28, -0.60)",Decision | state=EXPLORANDO_CON_PRECAUCION | objective=Borde de zona crítica | risk=Medio | accion_ia=Avanzar con precaucion | gas=161.2ppm | temp=26.1C | vib=0.62 | inc=10.6deg | bateria=91.0% | obstaculo=2.79m | persona=0 | decision=Riesgo medio. Avanzar lentamente hacia objetivo.,"ALERTA BASE #4 | estado=EXPLORANDO_CON_PRECAUCION | x=2.83, y=0.58 | Waypoint alcanzado. Nuevo objetivo: Borde de zona crítica"
2026-06-11T14:17:13,2.6733,-0.6774,0.45,EXPLORANDO_CON_PRECAUCION,Medio,Avanzar con precaucion,26.7,162.9,0.75,13.0,90.8,2.63,0,"Borde de zona crítica | target=(4.70, 2.00) | robot=(2.28, -0.60)",Decision | state=EXPLORANDO_CON_PRECAUCION | objective=Borde de zona crítica | risk=Medio | accion_ia=Avanzar con precaucion | gas=161.2ppm | temp=26.1C | vib=0.62 | inc=10.6deg | bateria=91.0% | obstaculo=2.79m | persona=0 | decision=Riesgo medio. Avanzar lentamente hacia objetivo.,"ALERTA BASE #4 | estado=EXPLORANDO_CON_PRECAUCION | x=2.83, y=0.58 | Waypoint alcanzado. Nuevo objetivo: Borde de zona crítica"
2026-06-11T14:17:14,2.9123,-0.4378,0.45,EXPLORANDO_CON_PRECAUCION,Medio,Avanzar con precaucion,28.4,186.6,0.77,14.7,90.7,2.44,0,"Borde de zona crítica | target=(4.70, 2.00) | robot=(2.88, -0.50)",Decision | state=EXPLORANDO_CON_PRECAUCION | objective=Borde de zona crítica | risk=Medio | accion_ia=Avanzar con precaucion | gas=186.6ppm | temp=28.4C | vib=0.77 | inc=14.7deg | bateria=90.7% | obstaculo=2.44m | persona=0 | decision=Riesgo medio. Avanzar lentamente hacia objetivo.,"ALERTA BASE #4 | estado=EXPLORANDO_CON_PRECAUCION | x=2.83, y=0.58 | Waypoint alcanzado. Nuevo objetivo: Borde de zona crítica"
2026-06-11T14:17:15,2.8728,-0.1011,0.45,EXPLORANDO_CON_PRECAUCION,Medio,Avanzar con precaucion,28.6,180.2,0.86,17.4,90.5,2.36,0,"Borde de zona crítica | target=(4.70, 2.00) | robot=(2.88, -0.50)",Decision | state=EXPLORANDO_CON_PRECAUCION | objective=Borde de zona crítica | risk=Medio | accion_ia=Avanzar con precaucion | gas=186.6ppm | temp=28.4C | vib=0.77 | inc=14.7deg | bateria=90.7% | obstaculo=2.44m | persona=0 | decision=Riesgo medio. Avanzar lentamente hacia objetivo.,"ALERTA BASE #4 | estado=EXPLORANDO_CON_PRECAUCION | x=2.83, y=0.58 | Waypoint alcanzado. Nuevo objetivo: Borde de zona crítica"
2026-06-11T14:17:16,2.5856,0.0769,0.45,EXPLORANDO_CON_PRECAUCION,Medio,Avanzar con precaucion,27.3,175.9,1.0,16.0,90.4,2.32,0,"Borde de zona crítica | target=(4.70, 2.00) | robot=(2.65, 0.06)",Decision | state=EXPLORANDO_CON_PRECAUCION | objective=Borde de zona crítica | risk=Medio | accion_ia=Avanzar con precaucion | gas=175.9ppm | temp=27.3C | vib=1.00 | inc=16.0deg | bateria=90.4% | obstaculo=2.32m | persona=0 | decision=Riesgo medio. Avanzar lentamente hacia objetivo.,"ALERTA BASE #4 | estado=EXPLORANDO_CON_PRECAUCION | x=2.83, y=0.58 | Waypoint alcanzado. Nuevo objetivo: Borde de zona crítica"
2026-06-11T14:17:17,2.261,-0.0243,0.45,EXPLORANDO_CON_PRECAUCION,Medio,Avanzar con precaucion,29.4,164.8,0.93,15.5,90.2,2.68,0,"Borde de zona crítica | target=(4.70, 2.00) | robot=(2.65, 0.06)",Decision | state=EXPLORANDO_CON_PRECAUCION | objective=Borde de zona crítica | risk=Medio | accion_ia=Avanzar con precaucion | gas=175.9ppm | temp=27.3C | vib=1.00 | inc=16.0deg | bateria=90.4% | obstaculo=2.32m | persona=0 | decision=Riesgo medio. Avanzar lentamente hacia objetivo.,"ALERTA BASE #4 | estado=EXPLORANDO_CON_PRECAUCION | x=2.83, y=0.58 | Waypoint alcanzado. Nuevo objetivo: Borde de zona crítica"
2026-06-11T14:17:18,2.1175,-0.3327,0.45,EXPLORANDO_CON_PRECAUCION,Medio,Avanzar con precaucion,28.9,151.2,0.75,12.4,90.1,2.76,0,"Borde de zona crítica | target=(4.70, 2.00) | robot=(2.12, -0.26)",Decision | state=EXPLORANDO_CON_PRECAUCION | objective=Borde de zona crítica | risk=Medio | accion_ia=Avanzar con precaucion | gas=151.2ppm | temp=28.9C | vib=0.75 | inc=12.4deg | bateria=90.1% | obstaculo=2.76m | persona=0 | decision=Riesgo medio. Avanzar lentamente hacia objetivo.,"ALERTA BASE #4 | estado=EXPLORANDO_CON_PRECAUCION | x=2.83, y=0.58 | Waypoint alcanzado. Nuevo objetivo: Borde de zona crítica"
2026-06-11T14:17:19,2.2414,-0.6501,0.45,EXPLORANDO_CON_PRECAUCION,Medio,Avanzar con precaucion,28.7,150.6,0.6,13.5,89.9,2.86,0,"Borde de zona crítica | target=(4.70, 2.00) | robot=(2.12, -0.26)",Decision | state=EXPLORANDO_CON_PRECAUCION | objective=Borde de zona crítica | risk=Medio | accion_ia=Avanzar con precaucion | gas=151.2ppm | temp=28.9C | vib=0.75 | inc=12.4deg | bateria=90.1% | obstaculo=2.76m | persona=0 | decision=Riesgo medio. Avanzar lentamente hacia objetivo.,"ALERTA BASE #4 | estado=EXPLORANDO_CON_PRECAUCION | x=2.83, y=0.58 | Waypoint alcanzado. Nuevo objetivo: Borde de zona crítica"
2026-06-11T14:17:20,2.555,-0.7843,0.45,EXPLORANDO_CON_PRECAUCION,Medio,Avanzar con precaucion,27.6,149.8,0.58,11.5,89.8,2.59,0,"Borde de zona crítica | target=(4.70, 2.00) | robot=(2.49, -0.78)",Decision | state=EXPLORANDO_CON_PRECAUCION | objective=Borde de zona crítica | risk=Medio | accion_ia=Avanzar con precaucion | gas=149.8ppm | temp=27.6C | vib=0.58 | inc=11.5deg | bateria=89.8% | obstaculo=2.59m | persona=0 | decision=Riesgo medio. Avanzar lentamente hacia objetivo.,"ALERTA BASE #4 | estado=EXPLORANDO_CON_PRECAUCION | x=2.83, y=0.58 | Waypoint alcanzado. Nuevo objetivo: Borde de zona crítica"
2026-06-11T14:17:21,2.8586,-0.6348,0.45,EXPLORANDO_CON_PRECAUCION,Bajo,Avanzar,26.3,167.2,0.7,11.5,89.6,2.64,0,"Borde de zona crítica | target=(4.70, 2.00) | robot=(2.49, -0.78)",Decision | state=EXPLORANDO_CON_PRECAUCION | objective=Borde de zona crítica | risk=Medio | accion_ia=Avanzar con precaucion | gas=149.8ppm | temp=27.6C | vib=0.58 | inc=11.5deg | bateria=89.8% | obstaculo=2.59m | persona=0 | decision=Riesgo medio. Avanzar lentamente hacia objetivo.,"ALERTA BASE #4 | estado=EXPLORANDO_CON_PRECAUCION | x=2.83, y=0.58 | Waypoint alcanzado. Nuevo objetivo: Borde de zona crítica"
2026-06-11T14:17:22,2.9303,-0.304,0.45,EXPLORANDO_CON_PRECAUCION,Medio,Avanzar con precaucion,27.9,184.4,0.85,15.2,89.5,2.42,0,"Borde de zona crítica | target=(4.70, 2.00) | robot=(2.94, -0.37)",Decision | state=EXPLORANDO_CON_PRECAUCION | objective=Borde de zona crítica | risk=Medio | accion_ia=Avanzar con precaucion | gas=184.4ppm | temp=27.9C | vib=0.85 | inc=15.2deg | bateria=89.5% | obstaculo=2.42m | persona=0 | decision=Riesgo medio. Avanzar lentamente hacia objetivo.,"ALERTA BASE #4 | estado=EXPLORANDO_CON_PRECAUCION | x=2.83, y=0.58 | Waypoint alcanzado. Nuevo objetivo: Borde de zona crítica"
2026-06-11T14:17:23,2.7159,-0.0423,0.45,EXPLORANDO_CON_PRECAUCION,Medio,Avanzar con precaucion,28.3,179.5,0.91,17.0,89.3,2.29,0,"Borde de zona crítica | target=(4.70, 2.00) | robot=(2.94, -0.37)",Decision | state=EXPLORANDO_CON_PRECAUCION | objective=Borde de zona crítica | risk=Medio | accion_ia=Avanzar con precaucion | gas=184.4ppm | temp=27.9C | vib=0.85 | inc=15.2deg | bateria=89.5% | obstaculo=2.42m | persona=0 | decision=Riesgo medio. Avanzar lentamente hacia objetivo.,"ALERTA BASE #4 | estado=EXPLORANDO_CON_PRECAUCION | x=2.83, y=0.58 | Waypoint alcanzado. Nuevo objetivo: Borde de zona crítica"
2026-06-11T14:17:24,2.3773,-0.0473,0.45,EXPLORANDO_CON_PRECAUCION,Medio,Avanzar con precaucion,29.4,165.1,0.9,16.4,89.2,2.41,0,"Borde de zona crítica | target=(4.70, 2.00) | robot=(2.44, -0.02)",Decision | state=EXPLORANDO_CON_PRECAUCION | objective=Borde de zona crítica | risk=Medio | accion_ia=Avanzar con precaucion | gas=165.1ppm | temp=29.4C | vib=0.90 | inc=16.4deg | bateria=89.2% | obstaculo=2.41m | persona=0 | decision=Riesgo medio. Avanzar lentamente hacia objetivo.,"ALERTA BASE #4 | estado=EXPLORANDO_CON_PRECAUCION | x=2.83, y=0.58 | Waypoint alcanzado. Nuevo objetivo: Borde de zona crítica"
2026-06-11T14:17:25,2.1531,-0.304,0.45,EXPLORANDO_CON_PRECAUCION,Medio,Avanzar con precaucion,28.6,162.7,0.75,12.1,89.0,2.51,0,"Borde de zona crítica | target=(4.70, 2.00) | robot=(2.44, -0.02)",Decision | state=EXPLORANDO_CON_PRECAUCION | objective=Borde de zona crítica | risk=Medio | accion_ia=Avanzar con precaucion | gas=165.1ppm | temp=29.4C | vib=0.90 | inc=16.4deg | bateria=89.2% | obstaculo=2.41m | persona=0 | decision=Riesgo medio. Avanzar lentamente hacia objetivo.,"ALERTA BASE #4 | estado=EXPLORANDO_CON_PRECAUCION | x=2.83, y=0.58 | Waypoint alcanzado. Nuevo objetivo: Borde de zona crítica"
2026-06-11T14:17:26,2.1825,-0.6434,0.45,EXPLORANDO_CON_PRECAUCION,Medio,Avanzar con precaucion,27.4,146.6,0.73,10.9,88.9,2.58,0,"Borde de zona crítica | target=(4.70, 2.00) | robot=(2.15, -0.58)",Decision | state=EXPLORANDO_CON_PRECAUCION | objective=Borde de zona crítica | risk=Medio | accion_ia=Avanzar con precaucion | gas=146.6ppm | temp=27.4C | vib=0.73 | inc=10.9deg | bateria=88.9% | obstaculo=2.58m | persona=0 | decision=Riesgo medio. Avanzar lentamente hacia objetivo.,"ALERTA BASE #4 | estado=EXPLORANDO_CON_PRECAUCION | x=2.83, y=0.58 | Waypoint alcanzado. Nuevo objetivo: Borde de zona crítica"
2026-06-11T14:17:27,2.4549,-0.8452,0.45,EXPLORANDO_CON_PRECAUCION,Bajo,Avanzar,27.6,158.7,0.59,13.4,88.7,2.67,0,"Borde de zona crítica | target=(4.70, 2.00) | robot=(2.15, -0.58)",Decision | state=EXPLORANDO_CON_PRECAUCION | objective=Borde de zona crítica | risk=Medio | accion_ia=Avanzar con precaucion | gas=146.6ppm | temp=27.4C | vib=0.73 | inc=10.9deg | bateria=88.9% | obstaculo=2.58m | persona=0 | decision=Riesgo medio. Avanzar lentamente hacia objetivo.,"ALERTA BASE #4 | estado=EXPLORANDO_CON_PRECAUCION | x=2.83, y=0.58 | Waypoint alcanzado. Nuevo objetivo: Borde de zona crítica"
2026-06-11T14:17:28,2.7849,-0.7667,0.45,EXPLORANDO_CON_PRECAUCION,Medio,Avanzar con precaucion,28.0,159.5,0.64,11.9,88.6,2.54,0,"Borde de zona crítica | target=(4.70, 2.00) | robot=(2.73, -0.81)",Decision | state=EXPLORANDO_CON_PRECAUCION | objective=Borde de zona crítica | risk=Medio | accion_ia=Avanzar con precaucion | gas=159.5ppm | temp=28.0C | vib=0.64 | inc=11.9deg | bateria=88.6% | obstaculo=2.54m | persona=0 | decision=Riesgo medio. Avanzar lentamente hacia objetivo.,"ALERTA BASE #4 | estado=EXPLORANDO_CON_PRECAUCION | x=2.83, y=0.58 | Waypoint alcanzado. Nuevo objetivo: Borde de zona crítica"
2026-06-11T14:17:29,2.9313,-0.4616,0.45,EXPLORANDO_CON_PRECAUCION,Medio,Avanzar con precaucion,26.8,178.3,0.78,13.4,88.4,2.22,0,"Borde de zona crítica | target=(4.70, 2.00) | robot=(2.73, -0.81)",Decision | state=EXPLORANDO_CON_PRECAUCION | objective=Borde de zona crítica | risk=Medio | accion_ia=Avanzar con precaucion | gas=159.5ppm | temp=28.0C | vib=0.64 | inc=11.9deg | bateria=88.6% | obstaculo=2.54m | persona=0 | decision=Riesgo medio. Avanzar lentamente hacia objetivo.,"ALERTA BASE #4 | estado=EXPLORANDO_CON_PRECAUCION | x=2.83, y=0.58 | Waypoint alcanzado. Nuevo objetivo: Borde de zona crítica"
2026-06-11T14:17:30,2.7833,-0.1573,0.45,EXPLORANDO_CON_PRECAUCION,Medio,Avanzar con precaucion,29.7,173.2,0.93,13.5,88.3,2.3,0,"Borde de zona crítica | target=(4.70, 2.00) | robot=(2.83, -0.21)",Decision | state=EXPLORANDO_CON_PRECAUCION | objective=Borde de zona crítica | risk=Medio | accion_ia=Avanzar con precaucion | gas=173.2ppm | temp=29.7C | vib=0.93 | inc=13.5deg | bateria=88.3% | obstaculo=2.30m | persona=0 | decision=Riesgo medio. Avanzar lentamente hacia objetivo.,"ALERTA BASE #4 | estado=EXPLORANDO_CON_PRECAUCION | x=2.83, y=0.58 | Waypoint alcanzado. Nuevo objetivo: Borde de zona crítica"
2026-06-11T14:17:31,2.4529,-0.084,0.45,EXPLORANDO_CON_PRECAUCION,Medio,Avanzar con precaucion,28.1,171.5,0.85,16.4,88.1,2.31,0,"Borde de zona crítica | target=(4.70, 2.00) | robot=(2.83, -0.21)",Decision | state=EXPLORANDO_CON_PRECAUCION | objective=Borde de zona crítica | risk=Medio | accion_ia=Avanzar con precaucion | gas=173.2ppm | temp=29.7C | vib=0.93 | inc=13.5deg | bateria=88.3% | obstaculo=2.30m | persona=0 | decision=Riesgo medio. Avanzar lentamente hacia objetivo.,"ALERTA BASE #4 | estado=EXPLORANDO_CON_PRECAUCION | x=2.83, y=0.58 | Waypoint alcanzado. Nuevo objetivo: Borde de zona crítica"
2026-06-11T14:17:32,2.1899,-0.2971,0.45,EXPLORANDO_CON_PRECAUCION,Medio,Avanzar con precaucion,27.8,164.6,0.71,13.3,88.0,2.66,0,"Borde de zona crítica | target=(4.70, 2.00) | robot=(2.23, -0.24)",Decision | state=EXPLORANDO_CON_PRECAUCION | objective=Borde de zona crítica | risk=Medio | accion_ia=Avanzar con precaucion | gas=164.6ppm | temp=27.8C | vib=0.71 | inc=13.3deg | bateria=88.0% | obstaculo=2.66m | persona=0 | decision=Riesgo medio. Avanzar lentamente hacia objetivo.,"ALERTA BASE #4 | estado=EXPLORANDO_CON_PRECAUCION | x=2.83, y=0.58 | Waypoint alcanzado. Nuevo objetivo: Borde de zona crítica"
2026-06-11T14:17:33,2.1733,-0.6373,0.45,EXPLORANDO_CON_PRECAUCION,Medio,Avanzar con precaucion,26.5,151.4,0.67,13.1,87.8,2.92,0,"Borde de zona crítica | target=(4.70, 2.00) | robot=(2.23, -0.24)",Decision | state=EXPLORANDO_CON_PRECAUCION | objective=Borde de zona crítica | risk=Medio | accion_ia=Avanzar con precaucion | gas=164.6ppm | temp=27.8C | vib=0.71 | inc=13.3deg | bateria=88.0% | obstaculo=2.66m | persona=0 | decision=Riesgo medio. Avanzar lentamente hacia objetivo.,"ALERTA BASE #4 | estado=EXPLORANDO_CON_PRECAUCION | x=2.83, y=0.58 | Waypoint alcanzado. Nuevo objetivo: Borde de zona crítica"
2026-06-11T14:17:34,2.4081,-0.884,0.45,EXPLORANDO_CON_PRECAUCION,Bajo,Avanzar,27.5,157.7,0.54,9.9,87.7,2.72,0,"Borde de zona crítica | target=(4.70, 2.00) | robot=(2.35, -0.85)",Decision | state=EXPLORANDO_CON_PRECAUCION | objective=Borde de zona crítica | risk=Bajo | accion_ia=Avanzar | gas=157.7ppm | temp=27.5C | vib=0.54 | inc=9.9deg | bateria=87.7% | obstaculo=2.72m | persona=0 | decision=Riesgo medio. Avanzar lentamente hacia objetivo.,"ALERTA BASE #4 | estado=EXPLORANDO_CON_PRECAUCION | x=2.83, y=0.58 | Waypoint alcanzado. Nuevo objetivo: Borde de zona crítica"
2026-06-11T14:17:35,2.7461,-0.8646,0.45,EXPLORANDO_CON_PRECAUCION,Medio,Avanzar con precaucion,26.5,158.0,0.61,11.0,87.5,2.65,0,"Borde de zona crítica | target=(4.70, 2.00) | robot=(2.35, -0.85)",Decision | state=EXPLORANDO_CON_PRECAUCION | objective=Borde de zona crítica | risk=Bajo | accion_ia=Avanzar | gas=157.7ppm | temp=27.5C | vib=0.54 | inc=9.9deg | bateria=87.7% | obstaculo=2.72m | persona=0 | decision=Riesgo medio. Avanzar lentamente hacia objetivo.,"ALERTA BASE #4 | estado=EXPLORANDO_CON_PRECAUCION | x=2.83, y=0.58 | Waypoint alcanzado. Nuevo objetivo: Borde de zona crítica"
2026-06-11T14:17:36,2.9409,-0.5878,0.45,EXPLORANDO_CON_PRECAUCION,Medio,Avanzar con precaucion,27.8,167.2,0.84,14.3,87.4,2.26,0,"Borde de zona crítica | target=(4.70, 2.00) | robot=(2.92, -0.66)",Decision | state=EXPLORANDO_CON_PRECAUCION | objective=Borde de zona crítica | risk=Medio | accion_ia=Avanzar con precaucion | gas=167.2ppm | temp=27.8C | vib=0.84 | inc=14.3deg | bateria=87.4% | obstaculo=2.26m | persona=0 | decision=Riesgo medio. Avanzar lentamente hacia objetivo.,"ALERTA BASE #4 | estado=EXPLORANDO_CON_PRECAUCION | x=2.83, y=0.58 | Waypoint alcanzado. Nuevo objetivo: Borde de zona crítica"
2026-06-11T14:17:37,2.8452,-0.2633,0.45,EXPLORANDO_CON_PRECAUCION,Medio,Avanzar con precaucion,29.8,190.4,0.93,15.9,87.2,2.19,0,"Borde de zona crítica | target=(4.70, 2.00) | robot=(2.92, -0.66)",Decision | state=EXPLORANDO_CON_PRECAUCION | objective=Borde de zona crítica | risk=Medio | accion_ia=Avanzar con precaucion | gas=167.2ppm | temp=27.8C | vib=0.84 | inc=14.3deg | bateria=87.4% | obstaculo=2.26m | persona=0 | decision=Riesgo medio. Avanzar lentamente hacia objetivo.,"ALERTA BASE #4 | estado=EXPLORANDO_CON_PRECAUCION | x=2.83, y=0.58 | Waypoint alcanzado. Nuevo objetivo: Borde de zona crítica"
2026-06-11T14:17:38,2.5315,-0.1363,0.45,EXPLORANDO_CON_PRECAUCION,Medio,Avanzar con precaucion,27.8,178.9,0.89,15.6,87.1,2.34,0,"Borde de zona crítica | target=(4.70, 2.00) | robot=(2.60, -0.14)",Decision | state=EXPLORANDO_CON_PRECAUCION | objective=Borde de zona crítica | risk=Medio | accion_ia=Avanzar con precaucion | gas=178.9ppm | temp=27.8C | vib=0.89 | inc=15.6deg | bateria=87.1% | obstaculo=2.34m | persona=0 | decision=Riesgo medio. Avanzar lentamente hacia objetivo.,"ALERTA BASE #4 | estado=EXPLORANDO_CON_PRECAUCION | x=2.83, y=0.58 | Waypoint alcanzado. Nuevo objetivo: Borde de zona crítica"
2026-06-11T14:17:39,2.2338,-0.2985,0.45,EXPLORANDO_CON_PRECAUCION,Medio,Avanzar con precaucion,28.0,157.0,0.81,15.1,86.9,2.62,0,"Borde de zona crítica | target=(4.70, 2.00) | robot=(2.60, -0.14)",Decision | state=EXPLORANDO_CON_PRECAUCION | objective=Borde de zona crítica | risk=Medio | accion_ia=Avanzar con precaucion | gas=178.9ppm | temp=27.8C | vib=0.89 | inc=15.6deg | bateria=87.1% | obstaculo=2.34m | persona=0 | decision=Riesgo medio. Avanzar lentamente hacia objetivo.,"ALERTA BASE #4 | estado=EXPLORANDO_CON_PRECAUCION | x=2.83, y=0.58 | Waypoint alcanzado. Nuevo objetivo: Borde de zona crítica"
2026-06-11T14:17:40,2.1672,-0.631,0.45,EXPLORANDO_CON_PRECAUCION,Medio,Avanzar con precaucion,26.1,142.3,0.67,12.8,86.8,2.57,0,"Borde de zona crítica | target=(4.70, 2.00) | robot=(2.16, -0.56)",Decision | state=EXPLORANDO_CON_PRECAUCION | objective=Borde de zona crítica | risk=Medio | accion_ia=Avanzar con precaucion | gas=142.3ppm | temp=26.1C | vib=0.67 | inc=12.8deg | bateria=86.8% | obstaculo=2.57m | persona=0 | decision=Riesgo medio. Avanzar lentamente hacia objetivo.,"ALERTA BASE #4 | estado=EXPLORANDO_CON_PRECAUCION | x=2.83, y=0.58 | Waypoint alcanzado. Nuevo objetivo: Borde de zona crítica"
2026-06-11T14:17:41,2.3801,-0.8971,0.45,EXPLORANDO_CON_PRECAUCION,Bajo,Avanzar,28.1,148.7,0.65,10.5,86.6,2.86,0,"Borde de zona crítica | target=(4.70, 2.00) | robot=(2.16, -0.56)",Decision | state=EXPLORANDO_CON_PRECAUCION | objective=Borde de zona crítica | risk=Medio | accion_ia=Avanzar con precaucion | gas=142.3ppm | temp=26.1C | vib=0.67 | inc=12.8deg | bateria=86.8% | obstaculo=2.57m | persona=0 | decision=Riesgo medio. Avanzar lentamente hacia objetivo.,"ALERTA BASE #4 | estado=EXPLORANDO_CON_PRECAUCION | x=2.83, y=0.58 | Waypoint alcanzado. Nuevo objetivo: Borde de zona crítica"
2026-06-11T14:17:42,2.7175,-0.9066,0.45,EXPLORANDO_CON_PRECAUCION,Medio,Avanzar con precaucion,26.1,167.6,0.66,12.1,86.5,2.74,0,"Borde de zona crítica | target=(4.70, 2.00) | robot=(2.65, -0.93)",Decision | state=EXPLORANDO_CON_PRECAUCION | objective=Borde de zona crítica | risk=Medio | accion_ia=Avanzar con precaucion | gas=167.6ppm | temp=26.1C | vib=0.66 | inc=12.1deg | bateria=86.5% | obstaculo=2.74m | persona=0 | decision=Riesgo medio. Avanzar lentamente hacia objetivo.,"ALERTA BASE #4 | estado=EXPLORANDO_CON_PRECAUCION | x=2.83, y=0.58 | Waypoint alcanzado. Nuevo objetivo: Borde de zona crítica"
2026-06-11T14:17:43,2.9388,-0.6505,0.45,EXPLORANDO_CON_PRECAUCION,Medio,Avanzar con precaucion,27.2,167.2,0.8,12.0,86.3,2.32,0,"Borde de zona crítica | target=(4.70, 2.00) | robot=(2.65, -0.93)",Decision | state=EXPLORANDO_CON_PRECAUCION | objective=Borde de zona crítica | risk=Medio | accion_ia=Avanzar con precaucion | gas=167.6ppm | temp=26.1C | vib=0.66 | inc=12.1deg | bateria=86.5% | obstaculo=2.74m | persona=0 | decision=Riesgo medio. Avanzar lentamente hacia objetivo.,"ALERTA BASE #4 | estado=EXPLORANDO_CON_PRECAUCION | x=2.83, y=0.58 | Waypoint alcanzado. Nuevo objetivo: Borde de zona crítica"
2026-06-11T14:17:44,2.8757,-0.318,0.45,EXPLORANDO_CON_PRECAUCION,Medio,Avanzar con precaucion,28.5,172.6,0.89,15.4,86.2,2.24,0,"Borde de zona crítica | target=(4.70, 2.00) | robot=(2.91, -0.38)",Decision | state=EXPLORANDO_CON_PRECAUCION | objective=Borde de zona crítica | risk=Medio | accion_ia=Avanzar con precaucion | gas=172.6ppm | temp=28.5C | vib=0.89 | inc=15.4deg | bateria=86.2% | obstaculo=2.24m | persona=0 | decision=Riesgo medio. Avanzar lentamente hacia objetivo.,"ALERTA BASE #4 | estado=EXPLORANDO_CON_PRECAUCION | x=2.83, y=0.58 | Waypoint alcanzado. Nuevo objetivo: Borde de zona crítica"
2026-06-11T14:17:45,2.5761,-0.1608,0.45,EXPLORANDO_CON_PRECAUCION,Medio,Avanzar con precaucion,28.7,166.5,0.85,16.9,86.0,2.21,0,"Borde de zona crítica | target=(4.70, 2.00) | robot=(2.91, -0.38)",Decision | state=EXPLORANDO_CON_PRECAUCION | objective=Borde de zona crítica | risk=Medio | accion_ia=Avanzar con precaucion | gas=172.6ppm | temp=28.5C | vib=0.89 | inc=15.4deg | bateria=86.2% | obstaculo=2.24m | persona=0 | decision=Riesgo medio. Avanzar lentamente hacia objetivo.,"ALERTA BASE #4 | estado=EXPLORANDO_CON_PRECAUCION | x=2.83, y=0.58 | Waypoint alcanzado. Nuevo objetivo: Borde de zona crítica"
2026-06-11T14:17:46,2.2664,-0.2976,0.45,EXPLORANDO_CON_PRECAUCION,Medio,Avanzar con precaucion,27.3,164.0,0.77,12.2,85.9,2.38,0,"Borde de zona crítica | target=(4.70, 2.00) | robot=(2.32, -0.25)",Decision | state=EXPLORANDO_CON_PRECAUCION | objective=Borde de zona crítica | risk=Medio | accion_ia=Avanzar con precaucion | gas=164.0ppm | temp=27.3C | vib=0.77 | inc=12.2deg | bateria=85.9% | obstaculo=2.38m | persona=0 | decision=Riesgo medio. Avanzar lentamente hacia objetivo.,"ALERTA BASE #4 | estado=EXPLORANDO_CON_PRECAUCION | x=2.83, y=0.58 | Waypoint alcanzado. Nuevo objetivo: Borde de zona crítica"
2026-06-11T14:17:47,2.1664,-0.6227,0.45,EXPLORANDO_CON_PRECAUCION,Medio,Avanzar con precaucion,26.7,152.4,0.75,14.1,85.7,2.66,0,"Borde de zona crítica | target=(4.70, 2.00) | robot=(2.32, -0.25)",Decision | state=EXPLORANDO_CON_PRECAUCION | objective=Borde de zona crítica | risk=Medio | accion_ia=Avanzar con precaucion | gas=164.0ppm | temp=27.3C | vib=0.77 | inc=12.2deg | bateria=85.9% | obstaculo=2.38m | persona=0 | decision=Riesgo medio. Avanzar lentamente hacia objetivo.,"ALERTA BASE #4 | estado=EXPLORANDO_CON_PRECAUCION | x=2.83, y=0.58 | Waypoint alcanzado. Nuevo objetivo: Borde de zona crítica"
2026-06-11T14:17:48,2.3395,-0.9152,0.45,EXPLORANDO_CON_PRECAUCION,Medio,Avanzar con precaucion,28.1,151.5,0.66,12.2,85.6,2.55,0,"Borde de zona crítica | target=(4.70, 2.00) | robot=(2.29, -0.87)",Decision | state=EXPLORANDO_CON_PRECAUCION | objective=Borde de zona crítica | risk=Medio | accion_ia=Avanzar con precaucion | gas=151.5ppm | temp=28.1C | vib=0.66 | inc=12.2deg | bateria=85.6% | obstaculo=2.55m | persona=0 | decision=Riesgo medio. Avanzar lentamente hacia objetivo.,"ALERTA BASE #4 | estado=EXPLORANDO_CON_PRECAUCION | x=2.83, y=0.58 | Waypoint alcanzado. Nuevo objetivo: Borde de zona crítica"
2026-06-11T14:17:49,2.6735,-0.9696,0.45,EXPLORANDO_CON_PRECAUCION,Medio,Avanzar con precaucion,27.1,160.4,0.6,12.5,85.4,2.7,0,"Borde de zona crítica | target=(4.70, 2.00) | robot=(2.29, -0.87)",Decision | state=EXPLORANDO_CON_PRECAUCION | objective=Borde de zona crítica | risk=Medio | accion_ia=Avanzar con precaucion | gas=151.5ppm | temp=28.1C | vib=0.66 | inc=12.2deg | bateria=85.6% | obstaculo=2.55m | persona=0 | decision=Riesgo medio. Avanzar lentamente hacia objetivo.,"ALERTA BASE #4 | estado=EXPLORANDO_CON_PRECAUCION | x=2.83, y=0.58 | Waypoint alcanzado. Nuevo objetivo: Borde de zona crítica"
2026-06-11T14:17:50,2.9237,-0.7415,0.45,EXPLORANDO_CON_PRECAUCION,Medio,Avanzar con precaucion,28.6,164.0,0.79,11.8,85.3,2.61,0,"Borde de zona crítica | target=(4.70, 2.00) | robot=(2.89, -0.80)",Decision | state=EXPLORANDO_CON_PRECAUCION | objective=Borde de zona crítica | risk=Medio | accion_ia=Avanzar con precaucion | gas=164.0ppm | temp=28.6C | vib=0.79 | inc=11.8deg | bateria=85.3% | obstaculo=2.61m | persona=0 | decision=Riesgo medio. Avanzar lentamente hacia objetivo.,"ALERTA BASE #4 | estado=EXPLORANDO_CON_PRECAUCION | x=2.83, y=0.58 | Waypoint alcanzado. Nuevo objetivo: Borde de zona crítica"
2026-06-11T14:17:51,2.9003,-0.4035,0.45,EXPLORANDO_CON_PRECAUCION,Medio,Avanzar con precaucion,28.3,171.8,0.78,15.3,85.1,2.34,0,"Borde de zona crítica | target=(4.70, 2.00) | robot=(2.89, -0.80)",Decision | state=EXPLORANDO_CON_PRECAUCION | objective=Borde de zona crítica | risk=Medio | accion_ia=Avanzar con precaucion | gas=164.0ppm | temp=28.6C | vib=0.79 | inc=11.8deg | bateria=85.3% | obstaculo=2.61m | persona=0 | decision=Riesgo medio. Avanzar lentamente hacia objetivo.,"ALERTA BASE #4 | estado=EXPLORANDO_CON_PRECAUCION | x=2.83, y=0.58 | Waypoint alcanzado. Nuevo objetivo: Borde de zona crítica"
2026-06-11T14:17:52,2.6219,-0.2122,0.45,EXPLORANDO_CON_PRECAUCION,Medio,Avanzar con precaucion,29.7,171.7,0.87,15.1,85.0,2.2,0,"Borde de zona crítica | target=(4.70, 2.00) | robot=(2.69, -0.23)",Decision | state=EXPLORANDO_CON_PRECAUCION | objective=Borde de zona crítica | risk=Medio | accion_ia=Avanzar con precaucion | gas=171.7ppm | temp=29.7C | vib=0.87 | inc=15.1deg | bateria=85.0% | obstaculo=2.20m | persona=0 | decision=Riesgo medio. Avanzar lentamente hacia objetivo.,"ALERTA BASE #4 | estado=EXPLORANDO_CON_PRECAUCION | x=2.83, y=0.58 | Waypoint alcanzado. Nuevo objetivo: Borde de zona crítica"
2026-06-11T14:17:53,2.2983,-0.3113,0.45,EXPLORANDO_CON_PRECAUCION,Medio,Avanzar con precaucion,29.2,158.8,0.83,14.7,84.8,2.42,0,"Borde de zona crítica | target=(4.70, 2.00) | robot=(2.69, -0.23)",Decision | state=EXPLORANDO_CON_PRECAUCION | objective=Borde de zona crítica | risk=Medio | accion_ia=Avanzar con precaucion | gas=171.7ppm | temp=29.7C | vib=0.87 | inc=15.1deg | bateria=85.0% | obstaculo=2.20m | persona=0 | decision=Riesgo medio. Avanzar lentamente hacia objetivo.,"ALERTA BASE #4 | estado=EXPLORANDO_CON_PRECAUCION | x=2.83, y=0.58 | Waypoint alcanzado. Nuevo objetivo: Borde de zona crítica"
2026-06-11T14:17:54,2.1747,-0.6264,0.45,EXPLORANDO_CON_PRECAUCION,Medio,Avanzar con precaucion,27.1,145.0,0.76,11.9,84.7,2.54,0,"Borde de zona crítica | target=(4.70, 2.00) | robot=(2.18, -0.56)",Decision | state=EXPLORANDO_CON_PRECAUCION | objective=Borde de zona crítica | risk=Medio | accion_ia=Avanzar con precaucion | gas=145.0ppm | temp=27.1C | vib=0.76 | inc=11.9deg | bateria=84.7% | obstaculo=2.54m | persona=0 | decision=Riesgo medio. Avanzar lentamente hacia objetivo.,"ALERTA BASE #4 | estado=EXPLORANDO_CON_PRECAUCION | x=2.83, y=0.58 | Waypoint alcanzado. Nuevo objetivo: Borde de zona crítica"
2026-06-11T14:17:55,2.3395,-0.9227,0.45,EXPLORANDO_CON_PRECAUCION,Medio,Avanzar con precaucion,25.5,148.0,0.67,10.1,84.5,2.87,0,"Borde de zona crítica | target=(4.70, 2.00) | robot=(2.18, -0.56)",Decision | state=EXPLORANDO_CON_PRECAUCION | objective=Borde de zona crítica | risk=Medio | accion_ia=Avanzar con precaucion | gas=145.0ppm | temp=27.1C | vib=0.76 | inc=11.9deg | bateria=84.7% | obstaculo=2.54m | persona=0 | decision=Riesgo medio. Avanzar lentamente hacia objetivo.,"ALERTA BASE #4 | estado=EXPLORANDO_CON_PRECAUCION | x=2.83, y=0.58 | Waypoint alcanzado. Nuevo objetivo: Borde de zona crítica"
2026-06-11T14:17:56,2.6725,-0.9875,0.45,EXPLORANDO_CON_PRECAUCION,Bajo,Avanzar,25.8,159.7,0.58,13.5,84.4,2.69,0,"Borde de zona crítica | target=(4.70, 2.00) | robot=(2.60, -1.00)",Decision | state=EXPLORANDO_CON_PRECAUCION | objective=Borde de zona crítica | risk=Bajo | accion_ia=Avanzar | gas=159.7ppm | temp=25.8C | vib=0.58 | inc=13.5deg | bateria=84.4% | obstaculo=2.69m | persona=0 | decision=Riesgo medio. Avanzar lentamente hacia objetivo.,"ALERTA BASE #4 | estado=EXPLORANDO_CON_PRECAUCION | x=2.83, y=0.58 | Waypoint alcanzado. Nuevo objetivo: Borde de zona crítica"
2026-06-11T14:17:57,2.9318,-0.7701,0.45,EXPLORANDO_CON_PRECAUCION,Medio,Avanzar con precaucion,28.6,163.3,0.65,13.5,84.2,2.56,0,"Borde de zona crítica | target=(4.70, 2.00) | robot=(2.60, -1.00)",Decision | state=EXPLORANDO_CON_PRECAUCION | objective=Borde de zona crítica | risk=Bajo | accion_ia=Avanzar | gas=159.7ppm | temp=25.8C | vib=0.58 | inc=13.5deg | bateria=84.4% | obstaculo=2.69m | persona=0 | decision=Riesgo medio. Avanzar lentamente hacia objetivo.,"ALERTA BASE #4 | estado=EXPLORANDO_CON_PRECAUCION | x=2.83, y=0.58 | Waypoint alcanzado. Nuevo objetivo: Borde de zona crítica"
2026-06-11T14:17:58,2.9228,-0.4319,0.45,EXPLORANDO_CON_PRECAUCION,Medio,Avanzar con precaucion,29.4,188.1,0.79,12.4,84.1,2.25,0,"Borde de zona crítica | target=(4.70, 2.00) | robot=(2.95, -0.50)",Decision | state=EXPLORANDO_CON_PRECAUCION | objective=Borde de zona crítica | risk=Medio | accion_ia=Avanzar con precaucion | gas=188.1ppm | temp=29.4C | vib=0.79 | inc=12.4deg | bateria=84.1% | obstaculo=2.25m | persona=0 | decision=Riesgo medio. Avanzar lentamente hacia objetivo.,"ALERTA BASE #4 | estado=EXPLORANDO_CON_PRECAUCION | x=2.83, y=0.58 | Waypoint alcanzado. Nuevo objetivo: Borde de zona crítica"
2026-06-11T14:17:59,2.6521,-0.2286,0.45,EXPLORANDO_CON_PRECAUCION,Medio,Avanzar con precaucion,27.1,168.1,0.82,13.4,83.9,2.35,0,"Borde de zona crítica | target=(4.70, 2.00) | robot=(2.95, -0.50)",Decision | state=EXPLORANDO_CON_PRECAUCION | objective=Borde de zona crítica | risk=Medio | accion_ia=Avanzar con precaucion | gas=188.1ppm | temp=29.4C | vib=0.79 | inc=12.4deg | bateria=84.1% | obstaculo=2.25m | persona=0 | decision=Riesgo medio. Avanzar lentamente hacia objetivo.,"ALERTA BASE #4 | estado=EXPLORANDO_CON_PRECAUCION | x=2.83, y=0.58 | Waypoint alcanzado. Nuevo objetivo: Borde de zona crítica"
2026-06-11T14:18:00,2.3246,-0.3142,0.45,EXPLORANDO_CON_PRECAUCION,Medio,Avanzar con precaucion,29.0,169.7,0.88,14.6,83.8,2.48,0,"Borde de zona crítica | target=(4.70, 2.00) | robot=(2.38, -0.27)",Decision | state=EXPLORANDO_CON_PRECAUCION | objective=Borde de zona crítica | risk=Medio | accion_ia=Avanzar con precaucion | gas=169.7ppm | temp=29.0C | vib=0.88 | inc=14.6deg | bateria=83.8% | obstaculo=2.48m | persona=0 | decision=Riesgo medio. Avanzar lentamente hacia objetivo.,"ALERTA BASE #4 | estado=EXPLORANDO_CON_PRECAUCION | x=2.83, y=0.58 | Waypoint alcanzado. Nuevo objetivo: Borde de zona crítica"
2026-06-11T14:18:01,2.1784,-0.621,0.45,EXPLORANDO_CON_PRECAUCION,Medio,Avanzar con precaucion,25.9,152.7,0.74,12.3,83.6,2.64,0,"Borde de zona crítica | target=(4.70, 2.00) | robot=(2.38, -0.27)",Decision | state=EXPLORANDO_CON_PRECAUCION | objective=Borde de zona crítica | risk=Medio | accion_ia=Avanzar con precaucion | gas=169.7ppm | temp=29.0C | vib=0.88 | inc=14.6deg | bateria=83.8% | obstaculo=2.48m | persona=0 | decision=Riesgo medio. Avanzar lentamente hacia objetivo.,"ALERTA BASE #4 | estado=EXPLORANDO_CON_PRECAUCION | x=2.83, y=0.58 | Waypoint alcanzado. Nuevo objetivo: Borde de zona crítica"
2026-06-11T14:18:02,2.3133,-0.9321,0.45,EXPLORANDO_CON_PRECAUCION,Medio,Avanzar con precaucion,26.9,158.3,0.59,11.8,83.5,2.61,0,"Borde de zona crítica | target=(4.70, 2.00) | robot=(2.27, -0.88)",Decision | state=EXPLORANDO_CON_PRECAUCION | objective=Borde de zona crítica | risk=Medio | accion_ia=Avanzar con precaucion | gas=158.3ppm | temp=26.9C | vib=0.59 | inc=11.8deg | bateria=83.5% | obstaculo=2.61m | persona=0 | decision=Riesgo medio. Avanzar lentamente hacia objetivo.,"ALERTA BASE #4 | estado=EXPLORANDO_CON_PRECAUCION | x=2.83, y=0.58 | Waypoint alcanzado. Nuevo objetivo: Borde de zona crítica"
2026-06-11T14:18:03,2.6387,-1.0254,0.45,EXPLORANDO_CON_PRECAUCION,Medio,Avanzar con precaucion,28.1,169.1,0.67,12.6,83.3,2.82,0,"Borde de zona crítica | target=(4.70, 2.00) | robot=(2.27, -0.88)",Decision | state=EXPLORANDO_CON_PRECAUCION | objective=Borde de zona crítica | risk=Medio | accion_ia=Avanzar con precaucion | gas=158.3ppm | temp=26.9C | vib=0.59 | inc=11.8deg | bateria=83.5% | obstaculo=2.61m | persona=0 | decision=Riesgo medio. Avanzar lentamente hacia objetivo.,"ALERTA BASE #4 | estado=EXPLORANDO_CON_PRECAUCION | x=2.83, y=0.58 | Waypoint alcanzado. Nuevo objetivo: Borde de zona crítica"
2026-06-11T14:18:04,2.8998,-0.8517,0.45,EXPLORANDO_CON_PRECAUCION,Medio,Avanzar con precaucion,28.3,170.9,0.71,14.3,83.2,2.41,0,"Borde de zona crítica | target=(4.70, 2.00) | robot=(2.88, -0.89)",Decision | state=EXPLORANDO_CON_PRECAUCION | objective=Borde de zona crítica | risk=Medio | accion_ia=Avanzar con precaucion | gas=170.9ppm | temp=28.3C | vib=0.71 | inc=14.3deg | bateria=83.2% | obstaculo=2.41m | persona=0 | decision=Riesgo medio. Avanzar lentamente hacia objetivo.,"ALERTA BASE #4 | estado=EXPLORANDO_CON_PRECAUCION | x=2.83, y=0.58 | Waypoint alcanzado. Nuevo objetivo: Borde de zona crítica"
2026-06-11T14:18:05,2.9037,-0.7744,0.45,EXPLORANDO_CON_PRECAUCION,Medio,Avanzar con precaucion,27.1,169.6,0.76,11.5,83.0,2.24,0,"Borde de zona crítica | target=(4.70, 2.00) | robot=(2.88, -0.89)",Decision | state=EXPLORANDO_CON_PRECAUCION | objective=Borde de zona crítica | risk=Medio | accion_ia=Avanzar con precaucion | gas=170.9ppm | temp=28.3C | vib=0.71 | inc=14.3deg | bateria=83.2% | obstaculo=2.41m | persona=0 | decision=Riesgo medio. Avanzar lentamente hacia objetivo.,"ALERTA BASE #4 | estado=EXPLORANDO_CON_PRECAUCION | x=2.83, y=0.58 | Waypoint alcanzado. Nuevo objetivo: Borde de zona crítica"
2026-06-11T14:18:06,2.82,-0.715,0.45,EXPLORANDO_CON_PRECAUCION,Medio,Avanzar con precaucion,28.7,174.1,0.75,14.3,82.9,2.38,0,"Borde de zona crítica | target=(4.70, 2.00) | robot=(2.86, -0.73)",Decision | state=EXPLORANDO_CON_PRECAUCION | objective=Borde de zona crítica | risk=Medio | accion_ia=Avanzar con precaucion | gas=174.1ppm | temp=28.7C | vib=0.75 | inc=14.3deg | bateria=82.9% | obstaculo=2.38m | persona=0 | decision=Riesgo medio. Avanzar lentamente hacia objetivo.,"ALERTA BASE #4 | estado=EXPLORANDO_CON_PRECAUCION | x=2.83, y=0.58 | Waypoint alcanzado. Nuevo objetivo: Borde de zona crítica"
2026-06-11T14:18:07,2.4869,-0.7753,0.45,EXPLORANDO_CON_PRECAUCION,Medio,Avanzar con precaucion,28.3,166.4,0.72,11.3,82.7,2.56,0,"Borde de zona crítica | target=(4.70, 2.00) | robot=(2.86, -0.73)",Decision | state=EXPLORANDO_CON_PRECAUCION | objective=Borde de zona crítica | risk=Medio | accion_ia=Avanzar con precaucion | gas=174.1ppm | temp=28.7C | vib=0.75 | inc=14.3deg | bateria=82.9% | obstaculo=2.38m | persona=0 | decision=Riesgo medio. Avanzar lentamente hacia objetivo.,"ALERTA BASE #4 | estado=EXPLORANDO_CON_PRECAUCION | x=2.83, y=0.58 | Waypoint alcanzado. Nuevo objetivo: Borde de zona crítica"
2026-06-11T14:18:08,2.3272,-1.0736,0.45,EXPLORANDO_CON_PRECAUCION,Medio,Avanzar con precaucion,26.8,162.7,0.54,11.3,82.6,2.81,0,"Borde de zona crítica | target=(4.70, 2.00) | robot=(2.34, -1.00)",Decision | state=EXPLORANDO_CON_PRECAUCION | objective=Borde de zona crítica | risk=Medio | accion_ia=Avanzar con precaucion | gas=162.7ppm | temp=26.8C | vib=0.54 | inc=11.3deg | bateria=82.6% | obstaculo=2.81m | persona=0 | decision=Riesgo medio. Avanzar lentamente hacia objetivo.,"ALERTA BASE #4 | estado=EXPLORANDO_CON_PRECAUCION | x=2.83, y=0.58 | Waypoint alcanzado. Nuevo objetivo: Borde de zona crítica"
2026-06-11T14:18:09,2.4615,-1.3842,0.45,EXPLORANDO_CON_PRECAUCION,Medio,Avanzar con precaucion,25.8,141.7,0.52,8.7,82.4,2.65,0,"Borde de zona crítica | target=(4.70, 2.00) | robot=(2.34, -1.00)",Decision | state=EXPLORANDO_CON_PRECAUCION | objective=Borde de zona crítica | risk=Medio | accion_ia=Avanzar con precaucion | gas=162.7ppm | temp=26.8C | vib=0.54 | inc=11.3deg | bateria=82.6% | obstaculo=2.81m | persona=0 | decision=Riesgo medio. Avanzar lentamente hacia objetivo.,"ALERTA BASE #4 | estado=EXPLORANDO_CON_PRECAUCION | x=2.83, y=0.58 | Waypoint alcanzado. Nuevo objetivo: Borde de zona crítica"
2026-06-11T14:18:10,2.7616,-1.4758,0.45,EXPLORANDO_CON_PRECAUCION,Medio,Avanzar con precaucion,27.7,150.5,0.5,9.1,82.3,2.63,0,"Borde de zona crítica | target=(4.70, 2.00) | robot=(2.72, -1.48)",Decision | state=EXPLORANDO_CON_PRECAUCION | objective=Borde de zona crítica | risk=Medio | accion_ia=Avanzar con precaucion | gas=150.5ppm | temp=27.7C | vib=0.50 | inc=9.1deg | bateria=82.3% | obstaculo=2.63m | persona=0 | decision=Riesgo medio. Avanzar lentamente hacia objetivo.,"ALERTA BASE #4 | estado=EXPLORANDO_CON_PRECAUCION | x=2.83, y=0.58 | Waypoint alcanzado. Nuevo objetivo: Borde de zona crítica"
2026-06-11T14:18:11,2.8238,-1.4298,0.45,EXPLORANDO_CON_PRECAUCION,Medio,Avanzar con precaucion,27.6,167.2,0.6,8.6,82.1,2.64,0,"Borde de zona crítica | target=(4.70, 2.00) | robot=(2.72, -1.48)",Decision | state=EXPLORANDO_CON_PRECAUCION | objective=Borde de zona crítica | risk=Medio | accion_ia=Avanzar con precaucion | gas=150.5ppm | temp=27.7C | vib=0.50 | inc=9.1deg | bateria=82.3% | obstaculo=2.63m | persona=0 | decision=Riesgo medio. Avanzar lentamente hacia objetivo.,"ALERTA BASE #4 | estado=EXPLORANDO_CON_PRECAUCION | x=2.83, y=0.58 | Waypoint alcanzado. Nuevo objetivo: Borde de zona crítica"
2026-06-11T14:18:12,2.8264,-1.3525,0.45,EXPLORANDO_CON_PRECAUCION,Medio,Avanzar con precaucion,26.3,159.1,0.61,10.1,82.0,2.7,0,"Borde de zona crítica | target=(4.70, 2.00) | robot=(2.83, -1.37)",Decision | state=EXPLORANDO_CON_PRECAUCION | objective=Borde de zona crítica | risk=Medio | accion_ia=Avanzar con precaucion | gas=159.1ppm | temp=26.3C | vib=0.61 | inc=10.1deg | bateria=82.0% | obstaculo=2.70m | persona=0 | decision=Riesgo medio. Avanzar lentamente hacia objetivo.,"ALERTA BASE #4 | estado=EXPLORANDO_CON_PRECAUCION | x=2.83, y=0.58 | Waypoint alcanzado. Nuevo objetivo: Borde de zona crítica"
2026-06-11T14:18:13,2.7674,-1.3024,0.45,EXPLORANDO_CON_PRECAUCION,Medio,Avanzar con precaucion,27.2,163.3,0.49,10.2,81.8,2.37,0,"Borde de zona crítica | target=(4.70, 2.00) | robot=(2.83, -1.37)",Decision | state=EXPLORANDO_CON_PRECAUCION | objective=Borde de zona crítica | risk=Medio | accion_ia=Avanzar con precaucion | gas=159.1ppm | temp=26.3C | vib=0.61 | inc=10.1deg | bateria=82.0% | obstaculo=2.70m | persona=0 | decision=Riesgo medio. Avanzar lentamente hacia objetivo.,"ALERTA BASE #4 | estado=EXPLORANDO_CON_PRECAUCION | x=2.83, y=0.58 | Waypoint alcanzado. Nuevo objetivo: Borde de zona crítica"
2026-06-11T14:18:14,2.6915,-1.3175,0.45,EXPLORANDO_CON_PRECAUCION,Medio,Avanzar con precaucion,25.5,158.2,0.6,11.6,81.7,2.55,0,"Borde de zona crítica | target=(4.70, 2.00) | robot=(2.71, -1.31)",Decision | state=EXPLORANDO_CON_PRECAUCION | objective=Borde de zona crítica | risk=Medio | accion_ia=Avanzar con precaucion | gas=158.2ppm | temp=25.5C | vib=0.60 | inc=11.6deg | bateria=81.7% | obstaculo=2.55m | persona=0 | decision=Riesgo medio. Avanzar lentamente hacia objetivo.,"ALERTA BASE #4 | estado=EXPLORANDO_CON_PRECAUCION | x=2.83, y=0.58 | Waypoint alcanzado. Nuevo objetivo: Borde de zona crítica"
